{"charts/actor_avg_logstd": -0.007871231064200401, "charts/average_rew_magnitude": 0.018190640956163406, "losses/move_mean_agent=False/value_loss": 0.8527353405952454, "losses/value_loss": 0.8527353405952454, "losses/policy_loss": -0.003627118421718478, "losses/entropy": 1.411118507385254, "losses/old_approx_kl": 0.004166684579104185, "losses/approx_kl": 0.0044249980710446835, "losses/clipfrac": 0.032347655816806764, "losses/explained_variance": 0.12640100717544556, "train/value_loss": 0.8527353405952454, "train/policy_loss": -0.003627118421718478, "train/value": 0.008635878562927246, "train/adv_mean": 0.15334589779376984, "train/adv_std": 7.537172794342041, "train/adv_max": 41.03397750854492, "train/adv_min": -45.22026443481445, "train/act_min": -3.837890625, "train/act_max": 3.81640625, "train/ratio_min": 0.5846313834190369, "train/ratio_max": 1.6413791179656982, "Env step": 768000, "global_step": 768000, "Update": 2, "FPS": 182925.33250499304, "perf/_fps": 182925.33250499304, "_timestamp": 1693895196.925226, "_runtime": 12.529598951339722, "_step": 4, "train/obs_running_std": 0.7852023839950562, "train/obs_running_mean": 0.02477949857711792, "FPS: ": 182882.93903935098, "_wandb": {"runtime": 11}}