{"charts/actor_avg_logstd": 0.008501755073666573, "charts/average_rew_magnitude": 0.08953218162059784, "losses/move_mean_agent=False/value_loss": 0.3710450828075409, "losses/value_loss": 0.3710450828075409, "losses/policy_loss": -0.009073424153029919, "losses/entropy": 1.427389144897461, "losses/old_approx_kl": 0.01273126620799303, "losses/approx_kl": 0.006801436189562082, "losses/clipfrac": 0.02595247382555499, "losses/explained_variance": 0.511584609746933, "train/value_loss": 0.3710450828075409, "train/policy_loss": -0.009073424153029919, "train/value": 0.04478929191827774, "train/adv_mean": 42.65364456176758, "train/adv_std": 61.15520477294922, "train/adv_max": 169.3622589111328, "train/adv_min": -20.519126892089844, "train/act_min": -4.08984375, "train/act_max": 4.16015625, "train/ratio_min": 0.5350685119628906, "train/ratio_max": 1.7061327695846558, "Env step": 3840000, "global_step": 3840000, "Update": 10, "FPS": 204003.14643169515, "perf/_fps": 204003.14643169515, "_timestamp": 1690139734.6663487, "_runtime": 43.169312715530396, "_step": 21, "train/obs_running_std": 1.474628210067749, "train/obs_running_mean": 0.20317843556404114, "FPS: ": 203992.87319942028, "QD/mean_value": -177.06787771076657, "QD/max_value": -139.95520064015074, "QD/iteration": 0, "QD/new_sols": 0, "_wandb": {"runtime": 42}}