{"charts/actor_avg_logstd": -0.006239486392587423, "charts/average_rew_magnitude": 0.027278760448098183, "losses/move_mean_agent=False/value_loss": 0.8721054792404175, "losses/value_loss": 0.8721054792404175, "losses/policy_loss": -0.0042869350872933865, "losses/entropy": 1.4127936363220215, "losses/old_approx_kl": 0.004576635081321001, "losses/approx_kl": 0.00473419763147831, "losses/clipfrac": 0.03433398406184551, "losses/explained_variance": 0.15242528915405273, "train/value_loss": 0.8721054792404175, "train/policy_loss": -0.0042869350872933865, "train/value": 0.048479776829481125, "train/adv_mean": 0.21397249400615692, "train/adv_std": 7.464802265167236, "train/adv_max": 42.96881866455078, "train/adv_min": -59.4744987487793, "train/act_min": -3.861328125, "train/act_max": 3.876953125, "train/ratio_min": 0.5207034945487976, "train/ratio_max": 1.5092164278030396, "Env step": 768000, "global_step": 768000, "Update": 2, "FPS": 187506.34321981214, "perf/_fps": 187506.34321981214, "_timestamp": 1693939435.5724306, "_runtime": 11.92607569694519, "_step": 4, "train/obs_running_std": 0.7859068512916565, "train/obs_running_mean": 0.024470258504152298, "FPS: ": 187461.68009660032, "_wandb": {"runtime": 11}}