{"charts/actor_avg_logstd": -0.1077650636434555, "charts/average_rew_magnitude": 0.39786699414253235, "losses/move_mean_agent=False/value_loss": 0.2814140319824219, "losses/value_loss": 0.2814140319824219, "losses/policy_loss": -0.014283912256360054, "losses/entropy": 1.3109490871429443, "losses/old_approx_kl": 0.017441948875784874, "losses/approx_kl": 0.008364424109458923, "losses/clipfrac": 0.08649218637572176, "losses/explained_variance": 0.6863039433956146, "train/value_loss": 0.2814140319824219, "train/policy_loss": -0.014283912256360054, "train/value": 0.29815611243247986, "train/adv_mean": 8.689506530761719, "train/adv_std": 10.88072395324707, "train/adv_max": 51.693138122558594, "train/adv_min": -32.63319396972656, "train/act_min": -3.953125, "train/act_max": 4.0546875, "train/ratio_min": 0.49258702993392944, "train/ratio_max": 1.9530190229415894, "Env step": 3840000, "global_step": 3840000, "Update": 10, "FPS": 330604.0418149021, "perf/_fps": 330604.0418149021, "_timestamp": 1688370180.8820431, "_runtime": 85.63652610778809, "_step": 118, "train/obs_running_std": 0.7810618281364441, "train/obs_running_mean": 0.020682908594608307, "FPS: ": 330577.48285155697, "QD/mean_value": 79.08689121329839, "QD/max_value": 270.20929252860344, "QD/iteration": 1, "QD/new_sols": 279, "losses/move_mean_agent=True/value_loss": 1.1129728555679321, "QD/QD Score": 74800.632751291, "QD/average performance": 160.02876142231875, "QD/coverage (%)": 0.13089784018563694, "QD/best score": 296.2781914835796, "QD/restarts": 0, "QD/mean_coeff_obj": 4.921181678771973, "XNES/norm_A": 7.287027359008789, "QD/mean_coeff_measure1": -0.9360812306404114, "QD/mean_coeff_measure2": 0.2842419147491455, "QD/mean_coeff_measure3": -0.019863009452819824, "QD/mean_coeff_measure4": -0.8909158110618591, "QD/mean_coeff_measure5": -0.20846855640411377}