{"charts/actor_avg_logstd": 0.07057008892297745, "charts/average_rew_magnitude": 0.013539834879338741, "losses/move_mean_agent=False/value_loss": 0.36185386776924133, "losses/value_loss": 0.36185386776924133, "losses/policy_loss": -0.009321671910583973, "losses/entropy": 1.4891997575759888, "losses/old_approx_kl": 0.01731201820075512, "losses/approx_kl": 0.008979746140539646, "losses/clipfrac": 0.08202427393570133, "losses/explained_variance": 0.6912117898464203, "train/value_loss": 0.36185386776924133, "train/policy_loss": -0.009321671910583973, "train/value": 0.25389769673347473, "train/adv_mean": 7.468662738800049, "train/adv_std": 11.25987434387207, "train/adv_max": 40.31299591064453, "train/adv_min": -33.0860710144043, "train/act_min": -4.28515625, "train/act_max": 4.23046875, "train/ratio_min": 0.5355938076972961, "train/ratio_max": 2.2560248374938965, "Env step": 3584000, "global_step": 3584000, "Update": 10, "FPS": 240371.46506344248, "perf/_fps": 240371.46506344248, "_timestamp": 1688413564.7230349, "_runtime": 26.081182956695557, "_step": 20, "train/obs_running_std": 0.7982785701751709, "train/obs_running_mean": 0.01946333609521389, "FPS: ": 240357.35988794058, "_wandb": {"runtime": 28}}