{"charts/actor_avg_logstd": -0.10190252214670181, "charts/average_rew_magnitude": -0.9267297387123108, "losses/move_mean_agent=False/value_loss": 0.5127584338188171, "losses/value_loss": 0.5127584338188171, "losses/policy_loss": -0.007301235571503639, "losses/entropy": 1.317244291305542, "losses/old_approx_kl": 0.0014224797487258911, "losses/approx_kl": 0.006900895852595568, "losses/clipfrac": 0.05155794216977938, "losses/explained_variance": 0.5717791616916656, "train/value_loss": 0.5127584338188171, "train/policy_loss": -0.007301235571503639, "train/value": 0.28498414158821106, "train/adv_mean": 0.6870482563972473, "train/adv_std": 9.630972862243652, "train/adv_max": 25.878337860107422, "train/adv_min": -48.23406219482422, "train/act_min": -3.810546875, "train/act_max": 3.70703125, "train/ratio_min": 0.4543103575706482, "train/ratio_max": 1.6673494577407837, "Env step": 3840000, "global_step": 3840000, "Update": 10, "FPS": 242318.69808275308, "perf/_fps": 242318.69808275308, "_timestamp": 1687680879.8891282, "_runtime": 47.79209923744202, "_step": 20, "train/obs_running_std": 0.7901356816291809, "train/obs_running_mean": 0.022438492625951767, "FPS: ": 242304.24732999183, "_wandb": {"runtime": 54}}