{"charts/actor_avg_logstd": 0.07191646099090576, "charts/average_rew_magnitude": 0.0025815980043262243, "losses/move_mean_agent=False/value_loss": 0.38365647196769714, "losses/value_loss": 0.38365647196769714, "losses/policy_loss": -0.009148922748863697, "losses/entropy": 1.4905335903167725, "losses/old_approx_kl": 0.017761090770363808, "losses/approx_kl": 0.009356393478810787, "losses/clipfrac": 0.084273855654601, "losses/explained_variance": 0.66253262758255, "train/value_loss": 0.38365647196769714, "train/policy_loss": -0.009148922748863697, "train/value": 0.13465477526187897, "train/adv_mean": 7.4079694747924805, "train/adv_std": 11.29394817352295, "train/adv_max": 40.11561584472656, "train/adv_min": -41.152740478515625, "train/act_min": -4.03515625, "train/act_max": 3.986328125, "train/ratio_min": 0.5026705265045166, "train/ratio_max": 2.0495219230651855, "Env step": 3584000, "global_step": 3584000, "Update": 10, "FPS": 211249.05736109393, "perf/_fps": 211249.05736109393, "_timestamp": 1688413472.5751534, "_runtime": 28.129180431365967, "_step": 20, "train/obs_running_std": 0.7997421026229858, "train/obs_running_mean": 0.019237279891967773, "FPS: ": 211237.81264470672, "_wandb": {"runtime": 28}}