{"charts/actor_avg_logstd": -0.03527094051241875, "charts/average_rew_magnitude": -3.1401805877685547, "losses/move_mean_agent=False/value_loss": 0.49830955266952515, "losses/value_loss": 1.059198021888733, "losses/policy_loss": -0.00484860222786665, "losses/entropy": 1.3836666345596313, "losses/old_approx_kl": 0.004837337881326675, "losses/approx_kl": 0.005268540699034929, "losses/clipfrac": 0.03876367131101688, "losses/explained_variance": 0.03760570287704468, "train/value_loss": 1.059198021888733, "train/policy_loss": -0.00484860222786665, "train/value": -0.15431654453277588, "train/adv_mean": -33.3879280090332, "train/adv_std": 19.68869972229004, "train/adv_max": 84.9290771484375, "train/adv_min": -92.38613891601562, "train/act_min": -3.60546875, "train/act_max": 3.544921875, "train/ratio_min": 0.5321221351623535, "train/ratio_max": 1.511611819267273, "Env step": 1152000, "global_step": 1152000, "Update": 3, "FPS": 400983.82152037375, "perf/_fps": 400983.82152037375, "_timestamp": 1688359505.18318, "_runtime": 40.95276618003845, "_step": 27, "train/obs_running_std": 0.7820725440979004, "train/obs_running_mean": 0.024670198559761047, "FPS: ": 243529.00954771021, "QD/mean_value": -97.80837564367008, "QD/max_value": 354.1543475838378, "QD/iteration": 0, "QD/new_sols": 98, "losses/move_mean_agent=True/value_loss": 1.059198021888733, "_wandb": {"runtime": 40}}