{"charts/actor_avg_logstd": 0.08266133815050125, "charts/average_rew_magnitude": -0.2066619098186493, "losses/move_mean_agent=False/value_loss": 0.5727479457855225, "losses/value_loss": 0.5727479457855225, "losses/policy_loss": -0.0023446115665137768, "losses/entropy": 1.5013484954833984, "losses/old_approx_kl": 0.006289220880717039, "losses/approx_kl": 0.005641879979521036, "losses/clipfrac": 0.041718749401752575, "losses/explained_variance": 0.5451863408088684, "train/value_loss": 0.5727479457855225, "train/policy_loss": -0.0023446115665137768, "train/value": 0.10554707795381546, "train/adv_mean": 20.012622833251953, "train/adv_std": 21.771190643310547, "train/adv_max": 66.38714599609375, "train/adv_min": -29.926067352294922, "train/act_min": -4.1796875, "train/act_max": 4.12109375, "train/ratio_min": 0.65375155210495, "train/ratio_max": 2.0422072410583496, "Env step": 3840000, "global_step": 3840000, "Update": 10, "FPS": 327793.4659429841, "perf/_fps": 327793.4659429841, "_timestamp": 1689576315.533743, "_runtime": 27.629072904586792, "_step": 21, "train/obs_running_std": 0.7862238883972168, "train/obs_running_mean": -0.05098839849233627, "FPS: ": 327766.65624385356, "QD/mean_value": -269.7205743403412, "QD/max_value": -83.28523404208936, "QD/iteration": 0, "QD/new_sols": 0, "_wandb": {"runtime": 27}}