{"charts/actor_avg_logstd": -0.10068204253911972, "charts/average_rew_magnitude": -0.9298191070556641, "losses/move_mean_agent=False/value_loss": 0.4887875020503998, "losses/value_loss": 0.4887875020503998, "losses/policy_loss": -0.008317818865180016, "losses/entropy": 1.318434476852417, "losses/old_approx_kl": 0.002001337707042694, "losses/approx_kl": 0.007141950540244579, "losses/clipfrac": 0.05349674419221628, "losses/explained_variance": 0.5787284076213837, "train/value_loss": 0.4887875020503998, "train/policy_loss": -0.008317818865180016, "train/value": 0.2883669137954712, "train/adv_mean": 0.7088325023651123, "train/adv_std": 9.640542984008789, "train/adv_max": 21.578760147094727, "train/adv_min": -48.556034088134766, "train/act_min": -3.6875, "train/act_max": 3.833984375, "train/ratio_min": 0.38825514912605286, "train/ratio_max": 1.591920256614685, "Env step": 3840000, "global_step": 3840000, "Update": 10, "FPS": 227260.02936042033, "perf/_fps": 227260.02936042033, "_timestamp": 1688414006.192669, "_runtime": 28.34863781929016, "_step": 20, "train/obs_running_std": 0.7907570004463196, "train/obs_running_mean": 0.022337818518280983, "FPS: ": 227247.71960071145, "_wandb": {"runtime": 32}}