{"charts/actor_avg_logstd": -0.08381955325603485, "charts/average_rew_magnitude": 0.22286482155323029, "losses/move_mean_agent=False/value_loss": 0.3034387528896332, "losses/value_loss": 0.3034387528896332, "losses/policy_loss": -0.011691887862980366, "losses/entropy": 1.3349148035049438, "losses/old_approx_kl": 0.016451597213745117, "losses/approx_kl": 0.00835342612117529, "losses/clipfrac": 0.0852591143097925, "losses/explained_variance": 0.6544272005558014, "train/value_loss": 0.3034387528896332, "train/policy_loss": -0.011691887862980366, "train/value": 0.25840091705322266, "train/adv_mean": 8.60628604888916, "train/adv_std": 10.31155776977539, "train/adv_max": 37.56026840209961, "train/adv_min": -30.67173194885254, "train/act_min": -4.078125, "train/act_max": 3.697265625, "train/ratio_min": 0.5173899531364441, "train/ratio_max": 2.040354013442993, "Env step": 3840000, "global_step": 3840000, "Update": 10, "FPS": 335486.07821896253, "perf/_fps": 335486.07821896253, "_timestamp": 1688370052.3108628, "_runtime": 55.508235692977905, "_step": 69, "train/obs_running_std": 0.775482177734375, "train/obs_running_mean": 0.015934303402900696, "FPS: ": 335456.3745204799, "QD/mean_value": 463.05924342814853, "QD/max_value": 569.7880878306926, "QD/iteration": 0, "QD/new_sols": 300, "losses/move_mean_agent=True/value_loss": 0.20294274389743805, "QD/QD Score": 62308.30809553301, "QD/average performance": 39.38463660700025, "QD/coverage (%)": 0.11304813470577736, "QD/best score": 117.46220595333725, "QD/restarts": 0, "QD/mean_coeff_obj": 1.7576137781143188, "XNES/norm_A": 7.489083766937256, "QD/mean_coeff_measure1": -0.49430051445961, "QD/mean_coeff_measure2": 0.5742603540420532, "QD/mean_coeff_measure3": -0.5286991596221924, "QD/mean_coeff_measure4": -0.9808609485626221, "QD/mean_coeff_measure5": -0.8689313530921936, "_wandb": {"runtime": 56}}