Iteration,QD-Score,Coverage,Maximum,Average
1,3520.6327512910125,0.0013089784018563693,296.2781914835796,160.02876142231875
