{"FPS: ": 0.0, "_timestamp": 1699255204.595742, "_runtime": 9.425164937973022, "_step": 0, "_wandb": {"runtime": 8}}