{"charts/actor_avg_logstd": -2.70330810546875, "charts/average_rew_magnitude": 4.354296684265137, "losses/move_mean_agent=False/value_loss": 0.12765911221504211, "losses/value_loss": 0.06010350584983826, "losses/policy_loss": 0.001036519301123917, "losses/entropy": -1.2843835353851318, "losses/old_approx_kl": 0.025003710761666298, "losses/approx_kl": 0.02404625713825226, "losses/clipfrac": 0.27732811961323023, "losses/explained_variance": 0.013162672519683838, "train/value_loss": 0.06010350584983826, "train/policy_loss": 0.001036519301123917, "train/value": 0.15985094010829926, "train/adv_mean": -50.726383209228516, "train/adv_std": 94.00557708740234, "train/adv_max": 93.13008880615234, "train/adv_min": -435.4976501464844, "train/act_min": -1.5498046875, "train/act_max": 1.8310546875, "train/ratio_min": 0.25479093194007874, "train/ratio_max": 3.4264585971832275, "Env step": 3072000, "global_step": 3072000, "Update": 8, "FPS": 401387.8964600122, "perf/_fps": 401387.8964600122, "_timestamp": 1687723740.3552692, "_runtime": 42809.859008312225, "_step": 63973, "train/obs_running_std": 0.5209134817123413, "train/obs_running_mean": 0.047269389033317566, "FPS: ": 334084.5999812444, "QD/mean_value": 208.42718816997217, "QD/max_value": 1401.6325945875146, "QD/iteration": 1332, "QD/new_sols": 225, "losses/move_mean_agent=True/value_loss": 0.06010350584983826, "QD/QD Score": 19055247.660665087, "QD/average performance": 848.6849937238097, "QD/coverage (%)": 46.739999999999995, "QD/best score": 5739.741480510626, "QD/restarts": 20, "QD/mean_coeff_obj": 1.3857595920562744, "XNES/norm_A": 6.111100196838379, "QD/mean_coeff_measure1": 6.56989860534668, "QD/mean_coeff_measure2": -0.19218593835830688, "QD/mean_coeff_measure3": 1.2992982864379883, "QD/mean_coeff_measure4": -0.12465915083885193, "_wandb": {"runtime": 42809}}