{"charts/actor_avg_logstd": -0.6511437892913818, "charts/average_rew_magnitude": 7.9546098709106445, "losses/move_mean_agent=False/value_loss": 0.1797766536474228, "losses/value_loss": 0.008609029464423656, "losses/policy_loss": -0.00656350702047348, "losses/entropy": 0.7676220536231995, "losses/old_approx_kl": 0.011260856874287128, "losses/approx_kl": 0.011027535423636436, "losses/clipfrac": 0.10726106609217823, "losses/explained_variance": 0.9272648617625237, "train/value_loss": 0.008609029464423656, "train/policy_loss": -0.00656350702047348, "train/value": 0.9926996827125549, "train/adv_mean": 16.220134735107422, "train/adv_std": 23.591035842895508, "train/adv_max": 195.9517364501953, "train/adv_min": -288.37188720703125, "train/act_min": -5.7890625, "train/act_max": 5.1796875, "train/ratio_min": 0.3815263509750366, "train/ratio_max": 2.4968061447143555, "Env step": 3840000, "global_step": 3840000, "Update": 10, "FPS": 420315.3279510119, "perf/_fps": 420315.3279510119, "_timestamp": 1689564334.8980217, "_runtime": 786.7785046100616, "_step": 1022, "train/obs_running_std": 0.7606275081634521, "train/obs_running_mean": 0.03333501145243645, "FPS: ": 420270.448392353, "QD/mean_value": -53.10886239778039, "QD/max_value": 907.3385094572116, "QD/iteration": 20, "QD/new_sols": 108, "losses/move_mean_agent=True/value_loss": 0.008609029464423656, "QD/QD Score": 273678.9051703149, "QD/average performance": 844.7597786614165, "QD/coverage (%)": 0.067, "QD/best score": 2257.2185974381864, "QD/restarts": 0, "QD/mean_coeff_obj": 1.1107597351074219, "XNES/norm_A": 4.6358747482299805, "QD/mean_coeff_measure1": 0.48945704102516174, "QD/mean_coeff_measure2": -0.041982173919677734, "QD/mean_coeff_measure3": 0.36395666003227234, "QD/mean_coeff_measure4": 0.15726003050804138, "QD/mean_coeff_measure5": 1.1576087474822998, "_wandb": {"runtime": 861}}