{"charts/actor_avg_logstd": -0.006912272423505783, "charts/average_rew_magnitude": -2.775113582611084, "losses/move_mean_agent=False/value_loss": 0.3738955855369568, "losses/value_loss": 1.0887724161148071, "losses/policy_loss": -0.0056996457278728485, "losses/entropy": 1.4119852781295776, "losses/old_approx_kl": 0.00542959151789546, "losses/approx_kl": 0.005276009906083345, "losses/clipfrac": 0.04388997348905832, "losses/explained_variance": -0.09365856647491455, "train/value_loss": 1.0887724161148071, "train/policy_loss": -0.0056996457278728485, "train/value": 0.028127314522862434, "train/adv_mean": -40.44510269165039, "train/adv_std": 26.377565383911133, "train/adv_max": 81.33238983154297, "train/adv_min": -185.24859619140625, "train/act_min": -3.63671875, "train/act_max": 4.1171875, "train/ratio_min": 0.5403616428375244, "train/ratio_max": 1.687792181968689, "Env step": 384000, "global_step": 384000, "Update": 1, "FPS": 431687.74636709463, "perf/_fps": 431687.74636709463, "_timestamp": 1689561692.0010297, "_runtime": 37.6116886138916, "_step": 23, "train/obs_running_std": 0.7746080160140991, "train/obs_running_mean": 0.027794087305665016, "FPS: ": 280713.33808830706, "QD/mean_value": 498.5331354329077, "QD/max_value": 639.1271899227053, "QD/iteration": 0, "QD/new_sols": 300, "losses/move_mean_agent=True/value_loss": 1.0887724161148071, "_wandb": {"runtime": 37}}