{"charts/actor_avg_logstd": 0.0824262946844101, "charts/average_rew_magnitude": -0.22785288095474243, "losses/move_mean_agent=False/value_loss": 0.6278975009918213, "losses/value_loss": 0.6278975009918213, "losses/policy_loss": -0.002845868468284607, "losses/entropy": 1.501113772392273, "losses/old_approx_kl": 0.006870456039905548, "losses/approx_kl": 0.005900646094232798, "losses/clipfrac": 0.04258203093547763, "losses/explained_variance": 0.5310051441192627, "train/value_loss": 0.6278975009918213, "train/policy_loss": -0.002845868468284607, "train/value": 0.08515704423189163, "train/adv_mean": 19.767086029052734, "train/adv_std": 21.884023666381836, "train/adv_max": 66.01616668701172, "train/adv_min": -30.041526794433594, "train/act_min": -4.14453125, "train/act_max": 4.15234375, "train/ratio_min": 0.654606282711029, "train/ratio_max": 2.1575522422790527, "Env step": 3840000, "global_step": 3840000, "Update": 10, "FPS": 329702.7227157955, "perf/_fps": 329702.7227157955, "_timestamp": 1689571430.255663, "_runtime": 28.506397008895874, "_step": 21, "train/obs_running_std": 0.781338095664978, "train/obs_running_mean": -0.05036992207169533, "FPS: ": 329675.6335505615, "QD/mean_value": -263.2008444644594, "QD/max_value": -48.561572388366415, "QD/iteration": 0, "QD/new_sols": 0, "_wandb": {"runtime": 27}}