{"charts/actor_avg_logstd": 0.07459217309951782, "charts/average_rew_magnitude": 0.014393811114132404, "losses/move_mean_agent=False/value_loss": 0.372271329164505, "losses/value_loss": 0.372271329164505, "losses/policy_loss": -0.008663326501846313, "losses/entropy": 1.4932043552398682, "losses/old_approx_kl": 0.016149582341313362, "losses/approx_kl": 0.008375097997486591, "losses/clipfrac": 0.07493749931654747, "losses/explained_variance": 0.614580512046814, "train/value_loss": 0.372271329164505, "train/policy_loss": -0.008663326501846313, "train/value": 0.30239763855934143, "train/adv_mean": 8.678268432617188, "train/adv_std": 11.888479232788086, "train/adv_max": 40.27536392211914, "train/adv_min": -36.196067810058594, "train/act_min": -4.22265625, "train/act_max": 4.3359375, "train/ratio_min": 0.5374122858047485, "train/ratio_max": 2.147042989730835, "Env step": 3840000, "global_step": 3840000, "Update": 10, "FPS": 235083.27838831823, "perf/_fps": 235083.27838831823, "_timestamp": 1688931792.8313642, "_runtime": 63.061453104019165, "_step": 21, "train/obs_running_std": 0.7997790575027466, "train/obs_running_mean": 0.01920448988676071, "FPS: ": 235070.10998891052, "QD/mean_value": 482.3403286775415, "QD/max_value": 642.5491323093578, "QD/iteration": 0, "QD/new_sols": 300, "_wandb": {"runtime": 63}}