{"charts/actor_avg_logstd": -2.832542657852173, "charts/average_rew_magnitude": 5.104487419128418, "losses/move_mean_agent=False/value_loss": 0.16372524201869965, "losses/value_loss": 0.0003781024715863168, "losses/policy_loss": 0.014019022695720196, "losses/entropy": -1.4136282205581665, "losses/old_approx_kl": 0.05366772413253784, "losses/approx_kl": 0.05351009964942932, "losses/clipfrac": 0.44937825482338667, "losses/explained_variance": 0.826556071639061, "train/value_loss": 0.0003781024715863168, "train/policy_loss": 0.014019022695720196, "train/value": -0.06174328550696373, "train/adv_mean": 14.57144546508789, "train/adv_std": 10.676990509033203, "train/adv_max": 294.1750793457031, "train/adv_min": -408.50042724609375, "train/act_min": -1.458984375, "train/act_max": 1.3603515625, "train/ratio_min": 0.17908501625061035, "train/ratio_max": 4.672670841217041, "Env step": 3840000, "global_step": 3840000, "Update": 10, "FPS": 390064.91165484686, "perf/_fps": 390064.91165484686, "_timestamp": 1687789471.683331, "_runtime": 65081.05082511902, "_step": 96047, "train/obs_running_std": 0.5779861807823181, "train/obs_running_mean": 0.06646381318569183, "FPS: ": 390026.2215853518, "QD/mean_value": -441.1775275113477, "QD/max_value": 1685.49503305346, "QD/iteration": 2000, "QD/new_sols": 59, "losses/move_mean_agent=True/value_loss": 0.0003781024715863168, "QD/QD Score": 21360730.7507829, "QD/average performance": 1141.9164285854395, "QD/coverage (%)": 48.97, "QD/best score": 8823.600077173685, "QD/restarts": 57, "QD/mean_coeff_obj": 0.776717483997345, "XNES/norm_A": 1.6329891681671143, "QD/mean_coeff_measure1": -0.4346639811992645, "QD/mean_coeff_measure2": 0.11481785029172897, "QD/mean_coeff_measure3": -0.970856249332428, "QD/mean_coeff_measure4": 0.1405753195285797, "_wandb": {"runtime": 65080}}