{"charts/actor_avg_logstd": 0.04497124254703522, "charts/average_rew_magnitude": 0.0011237928410992026, "losses/move_mean_agent=False/value_loss": 0.433108389377594, "losses/value_loss": 0.433108389377594, "losses/policy_loss": -0.007489858660846949, "losses/entropy": 1.46360182762146, "losses/old_approx_kl": 0.016198940575122833, "losses/approx_kl": 0.008728889748454094, "losses/clipfrac": 0.0651855462574531, "losses/explained_variance": 0.5565513074398041, "train/value_loss": 0.433108389377594, "train/policy_loss": -0.007489858660846949, "train/value": -0.09161421656608582, "train/adv_mean": 7.700236797332764, "train/adv_std": 12.331022262573242, "train/adv_max": 40.856998443603516, "train/adv_min": -30.5596923828125, "train/act_min": -4.125, "train/act_max": 4.609375, "train/ratio_min": 0.4743211567401886, "train/ratio_max": 2.1723599433898926, "Env step": 2304000, "global_step": 2304000, "Update": 6, "FPS": 210788.2209151102, "perf/_fps": 210788.2209151102, "_timestamp": 1688369715.073394, "_runtime": 22.89110016822815, "_step": 11, "train/obs_running_std": 0.7971651554107666, "train/obs_running_mean": 0.01972336694598198, "_wandb": {"runtime": 23}}