{"charts/actor_avg_logstd": -0.10048524290323257, "charts/average_rew_magnitude": -0.9317938685417175, "losses/move_mean_agent=False/value_loss": 0.48353978991508484, "losses/value_loss": 0.48353978991508484, "losses/policy_loss": -0.008764275349676609, "losses/entropy": 1.3186672925949097, "losses/old_approx_kl": 0.0020106045994907618, "losses/approx_kl": 0.006843462586402893, "losses/clipfrac": 0.05098372345628377, "losses/explained_variance": 0.5876802802085876, "train/value_loss": 0.48353978991508484, "train/policy_loss": -0.008764275349676609, "train/value": 0.2609984874725342, "train/adv_mean": 0.5907270312309265, "train/adv_std": 9.687079429626465, "train/adv_max": 20.38237762451172, "train/adv_min": -48.20372009277344, "train/act_min": -3.83984375, "train/act_max": 3.693359375, "train/ratio_min": 0.49055245518684387, "train/ratio_max": 1.6624321937561035, "Env step": 3840000, "global_step": 3840000, "Update": 10, "FPS": 242242.07480546375, "perf/_fps": 242242.07480546375, "_timestamp": 1688357541.126588, "_runtime": 27.13382911682129, "_step": 20, "train/obs_running_std": 0.7908098101615906, "train/obs_running_mean": 0.023289496079087257, "FPS: ": 242227.87362650956, "_wandb": {"runtime": 33}}